Noise level,A fit,k fit,Reduced chi-squared
2,4.714813880431482,0.9183078508212074,3.6493823840389035
3,4.714813880431482,0.9183078508212074,10.410207288348909
4,4.714813880431482,0.9183078508212074,12.626832435376413
5,4.714813880431482,0.9183078508212074,28.538124369084496
